<!--
 Licensed to the Apache Software Foundation (ASF) under one or more
 contributor license agreements.  See the NOTICE file distributed with
 this work for additional information regarding copyright ownership.
 The ASF licenses this file to You under the Apache License, Version 2.0
 (the "License"); you may not use this file except in compliance with
 the License.  You may obtain a copy of the License at

     http://www.apache.org/licenses/LICENSE-2.0

 Unless required by applicable law or agreed to in writing, software
 distributed under the License is distributed on an "AS IS" BASIS,
 WITHOUT WARRANTIES OR CONDITIONS OF ANY KIND, either express or implied.
 See the License for the specific language governing permissions and
 limitations under the License.
-->

<add><doc>
  <field name="id">VA902B</field>
  <field name="name">ViewSonic VA902B - flat panel display - TFT - 19"</field>
  <field name="manu">ViewSonic Corp.</field>
  <field name="cat">electronics</field>
  <field name="cat">monitor</field>
  <field name="features">19" TFT active matrix LCD, 8ms response time, 1280 x 1024 native resolution</field>
  <field name="weight">190.4</field>
  <field name="price">279.95</field>
  <field name="popularity">6</field>
  <field name="inStock">true</field>
</doc></add>

